feature,importance
news2_score,2252814.604568055
gcs_total,1349407.2822968452
pain_score,1065786.0091996382
spo2,463584.10933674686
sirs_proxy,219939.17702245485
cc_mild,197983.2691460519
temperature_c,172592.0563492464
num_prior_ed_visits_12m,154354.38211864184
respiratory_rate,109181.8405215842
cc_advice,88194.39534185539
altered_ms,81429.94616332748
pain_not_recorded,61937.57869413665
mean_arterial_pressure,59774.882465852155
vitals_extremity,56347.31583162167
cc_minor,50658.048119045925
cc_moderate,49275.66585807435
cc_acute,48281.06446972812
cc_with,42455.04278261747
cc_sore,41577.08666464757
mental_status_triage,41010.63070860387
cc_removal,39304.91423908027
cc_question,38100.69875342219
cc_prescription,37622.857714077574
cc_new,37521.871520286426
cc_request,37398.202518739876
cc_review,36090.833066794694
respiratory_rate_missing,35309.73932443181
cc_pain,35302.70778357978
cc_uncomplicated,34416.94341261912
systolic_bp_missing,34226.44343970934
cc_thyroid,34046.90498531596
cc_headache,32034.897681797167
cc_suspected,31861.03724719068
heart_rate,29886.021896991075
cc_blood,29718.816169509802
cc_admission,25604.580025596755
cc_fracture,25044.87435241833
cc_referral,24312.411338702364
cc_symptoms,23265.520831188653
cc_infected,22941.215516620116
cc_query,22041.30682045932
cc_throat,21858.006933263947
cc_abrasion,21306.26505495004
cc_injury,21117.60573016521
cc_features,20803.0065730328
diastolic_bp,20541.895008825843
cc_diabetes,20314.363481072814
cc_stable,19445.076526212957
cc_vitals,18625.02051469054
cc_systemic,18181.122772380382
cc_congestion,17415.61743863793
cc_chest pain,17109.38567167111
diastolic_bp_missing,16001.55982265023
cc_insect,15989.66950048271
cc_contact,15075.719689159561
cc_ear,14816.775700076018
cc_after,14571.217579799937
cc_eyes,14555.128040615562
cc_bloating,14408.177206591912
cc_body,14406.49688490797
cc_localised,14286.049598124206
cc_diabetes management,14090.916924802212
cc_medication,13833.546126609646
cc_mild nausea,13671.381548767724
cc_minor sunburn,13341.008045249875
cc_cardiology,13340.252663869236
cc_discharge,13181.17194201648
cc_ibs,13136.074381453403
cc_joint,13077.251708604937
cc_severe,13051.441750431237
cc_significant,13007.069536427094
cc_eyelid,12913.013473651303
cc_low mood,12887.303788156016
cc_feeling,12797.69072504067
cc_ecg,12667.25940345386
cc_dyspnoea,12623.491735884352
cc_actively,12439.007690612085
cc_constipation,12308.439904067898
cc_wound infection,12268.609409799588
cc_assessment,12230.9719436754
cc_generalised,12119.406177106906
cc_afebrile,12088.51696430873
cc_cut,11865.94700219666
cc_uti,11833.359253163122
cc_chronic,11801.158698133742
cc_one,11635.465099608758
cc_routine sti,11630.484920812956
cc_controlled,11530.3317996577
cc_laceration,11498.474433018266
cc_mild residual,11321.90406918926
cc_complaint,11285.178394126799
cc_hand,11256.184366220796
cc_dry,11187.157771950773
cc_tonsillitis,11136.74003442562
cc_sinusitis,11066.195721778855
cc_now,10935.931350602397
cc_moderate headache,10870.38870771483
cc_urti,10755.832185950503
cc_check,10690.6707481989
cc_shock,10617.084401446069
temperature_c_missing,10615.34351265887
cc_known migraine,10526.262242351379
cc_bleeding light,10438.145996256591
shock_index,10427.749463283562
cc_bp,10418.937958719209
cc_nose mild,10416.36138589327
cc_limb,10415.637922296113
cc_grade,10363.640913701127
cc_conjunctival,10149.009734220243
cc_coffee,10086.219768230012
cc_bloody,10001.247633639676
cc_conjunctivitis,9997.032395863162
cc_fatigue,9961.54615075096
cc_insomnia,9903.102245243335
cc_painful,9815.46122397082
cc_oedema,9774.58114285199
cc_intoxication,9716.289781066496
cc_routine,9678.244180488218
cc_migraine with,9436.60240259287
cc_change,9389.442974727135
cc_dyspepsia,9202.103088251082
cc_ankle sprain,9120.52932024866
cc_shingles,9008.163043816388
cc_blurring,8787.110216883664
cc_muscle strain,8769.36238753847
cc_positional,8757.0158525076
cc_ache,8555.853463515034
cc_deterioration,8463.199331832304
cc_dysphagia,8327.786441289354
cc_sore throat,8137.573046072852
cc_39,8065.094029860944
cc_thyroid medication,7936.185037191481
cc_ideation,7854.06832629405
cc_erythema,7831.464443881065
cc_uncomplicated uti,7676.798597743933
cc_pyelonephritis,7633.567794577295
cc_electrolyte,7628.401959328539
cc_bite wound,7532.196631906926
cc_allergy,7513.763889151485
cc_and,7253.909093464711
mean_arterial_pressure_missing,7221.199482282344
cc_fall,7182.046494679076
cc_near,7148.550585370696
cc_muscle,7104.579866205645
cc_haematuria,7099.089312294556
cc_superficial,7058.232982008812
cc_dyspnoea on,7043.7574036508795
cc_chest,7033.4513346747435
cc_wound,7004.241393070586
cc_reaction,6960.597277111944
cc_non,6924.684044383013
cc_flare,6874.273869072436
cc_dizziness,6795.208708036751
cc_elderly,6695.657241129247
cc_abdominal,6677.296851638146
cc_respiratory,6645.508495218464
cc_complications,6583.634228367731
systolic_bp,6550.116055183633
cc_acquired,6310.229012389481
cc_confusion in,6179.94083801955
cc_infection,5956.586932906823
cc_stable palpitations,5951.322315627755
cc_hypoglycaemia,5694.211829629052
cc_alcohol,5439.62216080362
cc_weight,5291.809609757481
cc_follow,5236.129720409159
cc_gastroenteritis,5094.706270176964
cc_admission query,5019.506705373153
cc_counselling,4800.592148143053
cc_check elderly,4781.727716585522
cc_mild sore,4701.503830538131
cc_blocked,4671.498400054127
cc_community,4640.733430925942
cc_loss,4583.138008451299
cc_health,4564.426369848288
cc_irritation,4478.464821169431
cc_administrative,4462.054549050331
cc_resolved,4416.023212354326
cc_ankle,4358.59148545321
cc_bump,4344.0889973843005
cc_bite,4327.275216322425
cc_attack,4276.382890153675
cc_respiratory tract,4073.994188786298
cc_with systemic,4063.931103541702
cc_media,3967.3764109980316
cc_minor skin,3901.0506860832684
cc_eye,3850.078109530697
cc_chest tightness,3805.3279032662513
cc_ideation without,3692.9631926259026
cc_near syncope,3673.1845997665077
cc_upper,3658.613413216697
cc_nose,3618.1193264507106
cc_arthritis,3450.062455146108
pulse_pressure_missing,3378.4145503155887
cc_anxiety,3366.9681478535063
cc_massive,3291.895238361368
cc_new onset,3281.420701124519
cc_bleeding,3257.810660423109
cc_eye irritation,3233.7550253579857
pulse_pressure_index,3231.1288258106133
cc_cut wound,3221.706657506665
cc_mild photophobia,3205.9072196474303
cc_nasal,3190.846863832837
cc_generalised muscle,3184.136742938589
num_comorbidities,3136.4332359360706
cc_worsening,3125.6892087754077
cc_non specific,3117.5404298163953
cc_hypoglycaemia resolved,3084.29135629104
cc_throat irritation,3006.4017956379334
cc_acute anxiety,3000.162861090852
cc_minor wound,2982.2545711863786
cc_local,2970.049700031709
cc_minor abrasion,2953.513904677937
cc_sunburn,2924.0812988384623
cc_unresponsive,2891.908106414089
cc_mild bloating,2853.0182727260885
cc_dehydration,2836.9236063480844
cc_dysuria,2740.925304903416
cc_skin,2714.368760928495
cc_nausea resolved,2709.8312656458465
cc_genital,2685.0288823414126
cc_substance,2643.458131935727
cc_depressive,2627.219149983488
cc_urti mild,2620.319572433177
cc_eyelid swelling,2608.741068010847
cc_general unwell,2573.9648777411317
cc_one week,2567.7726588527203
cc_cardiology paperwork,2542.648251164635
cc_cellulitis,2541.4979466054906
cc_syndrome,2525.6302000416676
cc_mood,2505.6216816260944
pulse_pressure,2496.80657293244
cc_management,2474.1902245720385
cc_symptomatic,2466.320024819486
cc_ecg result,2417.1085646807214
cc_acute psychiatric,2402.086178599298
cc_related,2372.2453881949186
cc_unknown,2368.9656620990136
cc_residual,2359.658106555976
cc_acute stress,2354.9440591530874
cc_foreign,2340.790386357205
cc_ibs follow,2338.914505654713
cc_mild urinary,2322.088126152754
cc_prophylaxis,2311.016656165477
cc_grade fever,2287.6598287003117
cc_itchy,2270.4907057435253
cc_constipation five,2258.1032576824537
cc_trauma,2231.3022428830095
cc_throat moderate,2219.2883106924364
cc_sudden,2219.085118697165
cc_screening,2197.2670090649276
cc_now resolved,2196.2870769725646
cc_dry skin,2170.660531323403
cc_conjunctival haemorrhage,2153.646959556639
cc_spreading wound,2149.6538810282946
cc_actively bleeding,2146.306002561189
cc_painful eye,2139.181369935535
cc_migraine,2135.874510984938
cc_hand paraesthesia,2132.3280207768084
cc_sinusitis severe,2076.4252643672053
cc_ingrown,2070.6762167660986
cc_hearing,2066.7861657730305
cc_appendicitis,2029.2097464519552
cc_oedema worsening,2022.6470821565945
cc_bp monitoring,2008.7727541647853
cc_dengue,1994.505101562757
cc_complaint mild,1994.4558516738934
cc_bloody diarrhoea,1981.225250925962
cc_insomnia severe,1954.6564877631843
cc_high,1954.5328397867502
cc_coffee ground,1953.6021712525749
cc_light,1935.9063499029726
cc_cushing,1901.2125792186705
cc_antihypertensive,1896.9920377761127
cc_inhaler,1885.3095043368637
cc_rash,1877.4181018326053
cc_contact lens,1869.8076030113734
cc_ear wax,1860.6278294253163
cc_shingles with,1836.8080827102062
cc_dyspepsia worsening,1833.7338174265346
cc_positional dizziness,1801.8852948872373
cc_photophobia,1801.876861993922
cc_medication review,1775.3931229462614
cc_af,1764.3538247349438
cc_limb weakness,1764.2401712987573
cc_corneal,1762.6869723305106
cc_change concern,1747.879633919662
cc_ear pain,1702.7451681413922
cc_splinter,1696.7603268742562
cc_hypothermia,1693.360887763687
cc_migraine recurrence,1676.494116976997
cc_deep,1654.7052223175765
cc_repeat,1642.875017313473
cc_acute vertigo,1621.924221982807
cc_lateral,1620.7825040095254
cc_pyelonephritis with,1606.7515194486828
cc_palpitations,1584.2032184312584
cc_abdominal cramping,1582.75682738116
cc_advice with,1578.1578605219722
cc_severe tonsillitis,1553.192217323184
cc_cellulitis localised,1545.44854952991
cc_bear,1541.069524297118
cc_strain,1536.1789615535176
cc_general health,1517.6483179204165
cc_distal,1514.957080996968
cc_mild dehydration,1505.5576424508822
cc_infected wound,1504.8915344459472
cc_injury unclear,1481.047921544686
cc_electrolyte imbalance,1466.2714204097165
cc_confusion,1457.5951218815521
cc_dka,1435.5657423787284
cc_exertion,1428.841829983145
cc_overdose,1409.0411882678513
cc_spreading,1399.276773741492
cc_superficial laceration,1382.547097201273
cc_torsion,1364.9876916946841
cc_deterioration elderly,1361.0312841538341
cc_acquired pneumonia,1360.8292376145723
cc_allergy symptoms,1329.4842394154055
cc_haematuria significant,1328.646580810938
cc_meningitis,1315.9182762135288
cc_history,1312.646977253531
age,1311.8606582096772
cc_severe migraine,1308.0437684188596
cc_adjustment,1306.548029007949
cc_source,1271.534710215777
cc_certificate,1254.9687386602166
cc_bite local,1235.8252185969613
cc_failure,1223.2086659821682
cc_erythema migrans,1203.752024228871
cc_anaphylaxis,1192.3801566233626
cc_cough,1169.2057159300311
cc_airway,1152.673805962794
cc_alcohol withdrawal,1141.2221699152608
cc_small,1140.6042970224255
cc_blocked ear,1133.7271375393495
cc_head,1118.0085574264406
cc_injury with,1116.4640765496472
cc_monitoring,1114.0623610533241
cc_mild dyspnoea,1096.069723269157
cc_mild hypoglycaemia,1091.698550265748
cc_elderly patient,1076.3975530207158
cc_substance intoxication,1074.8380410656332
cc_chest wall,1056.808018878009
cc_facial,1042.3809585617855
cc_mild gastroenteritis,997.0412556963041
cc_epistaxis,995.775906592235
cc_acute severe,991.6365965517239
cc_mild dysuria,973.6602801335976
cc_back,972.9957193820736
cc_hyperglycaemia,965.5050119057298
cc_follow up,956.9905524192377
cc_pneumonia,947.4422398247757
cc_haemorrhage,945.914884540066
cc_counselling referral,942.6869074393064
cc_tonsillitis with,940.714677641727
cc_sudden visual,940.2163893027231
cc_moderate pancreatitis,927.4068432793022
cc_routine check,924.4443103302037
cc_rapidly,908.2963800454977
cc_known,900.7925426846043
cc_sepsis,898.7885579144116
cc_anxiety flare,893.1921651895159
cc_attack now,884.6449364768341
cc_ankle fracture,867.1267994709312
cc_administrative query,833.5726350493729
cc_chronic headache,829.8309309113771
cc_after ground,815.4922615870835
cc_tract,815.2632893080822
cc_fatigue with,810.2295207947959
cc_muscle soreness,809.2953901166097
height_cm,794.2058494666637
cc_pain mild,793.4438412144315
bmi,791.9172209061978
cc_blood glucose,779.1423409764654
cc_arthritis query,768.2393308082596
cc_media with,765.2055454736575
cc_eczema,761.8393923604394
cc_nasal congestion,757.8141622038559
cc_non urgent,744.0304144173862
cc_local reaction,732.5001713261939
weight_kg,731.3006513870885
cc_effect,718.9580820798874
cc_bump no,716.6808483913076
cc_tightness,708.6455718815326
cc_ground,702.5478009124288
cc_chronic cough,700.0037261666963
cc_cord,685.9638930975925
cc_abdomen,683.9370510094334
cc_drowning,683.8961482560728
cc_open,678.5281032581813
cc_mild wheeze,666.7228528059088
cc_redness,645.7030337713658
num_prior_admissions_12m,636.6655342428356
cc_after fall,635.9034758260009
cc_shoulder,627.7608550017699
cc_low,625.2148771195964
cc_fulminant,619.0369763089809
cc_abdominal trauma,614.0224282328039
cc_depressive episode,609.7418554541655
cc_laceration actively,605.1888479754329
cc_fever,599.4651966250186
cc_rash afebrile,598.3616173231974
cc_mild eye,594.8369016060606
cc_memory,590.0473932012916
cc_social,587.2321444362867
cc_small cut,583.9771843751893
cc_removal request,578.9314625829458
cc_genital discharge,568.6070640397259
cc_joint ache,568.2182564371731
cc_wax,567.2621471516787
cc_syncope,563.9714884877205
cc_new productive,562.7757058799266
cc_urosepsis,561.9269045287277
cc_anxiety with,558.5065286030062
cc_detachment,557.8070002926281
cc_vomiting,554.9802054619499
cc_abnormal,546.1313891649246
cc_ischaemia,542.8848098124378
cc_itchy eyes,539.428202688275
cc_dislocation,538.7582629619167
cc_swelling,532.7046630263329
cc_vaginal,530.4422860460356
cc_unwell,526.4151865932625
num_active_medications,523.0285844536262
cc_colic,521.7608269856312
cc_contact dermatitis,514.3773553525098
cc_plan,513.1679241787642
cc_skin rash,504.68448185622685
cc_related symptoms,501.924483205378
cc_unclear,500.7852206371724
cc_coma,490.4065730316564
cc_mild dry,488.79969485029574
cc_without plan,483.66687773689625
cc_epistaxis requiring,483.0230016045272
cc_advice diabetic,482.4139060497284
cc_orbital,480.68678068488373
cc_body sensation,477.99798685312265
cc_thunderclap,477.5625035393982
cc_week,472.73218339914456
cc_small infected,470.80468933447264
cc_hyperglycaemic crisis,468.92766257398756
cc_decompensation,460.6968518381939
cc_dengue fever,458.40325526203964
cc_repeat prescription,457.8793695490807
cc_management question,455.2051602097228
cc_sti,449.44211667296474
cc_ongoing,449.2579435851192
cc_inquiry,443.9563959585503
cc_ingrown toenail,440.2159941059537
cc_bilious,435.6858072595205
cc_low grade,435.5303444555495
cc_abscess,432.450399234239
cc_residual dizziness,430.4033101899549
cc_large,428.83659260002895
cc_foreign body,426.6175181351602
cc_lens,425.8014170914889
cc_loss with,419.5883508890867
cc_conjunctivitis with,419.17580605102705
cc_loss of,418.41554731964135
cc_peripheral,416.7527551627718
cc_drop,416.02499446719884
cc_paraesthesia,411.7458471752703
cc_review with,410.6646066436544
cc_appendicitis clinically,405.81883852696046
cc_fasciitis,404.51507546976205
cc_cushing features,404.3909572169184
cc_and vomiting,403.7471633110195
cc_urinary,403.1037182525731
cc_diabetes review,396.78816496729854
cc_deep dog,394.1538155138492
cc_lateral ankle,393.06945007143077
cc_uti symptoms,389.91739475429057
arrival_hour,385.82523933643546
cc_urgent,384.98118375539775
cc_stress,381.4121126808226
cc_dka moderate,376.5497099762317
cc_on,373.07329423576596
cc_prophylaxis question,372.99578964323734
cc_paperwork,371.7634064207785
cc_af stable,370.9962942177895
cc_vertigo,370.7502863265574
cc_diarrhoea,370.7435527182184
cc_facial laceration,370.3784334466327
cc_chronic flare,369.8727402456105
cc_transient,369.6876459833234
cc_adjustment query,366.0727543320507
shock_index_missing,365.73747139219194
cc_in known,365.0804727038422
cc_acute upper,363.5186208140338
cc_hearing loss,362.20857302621005
cc_routine bp,361.52545540332795
cc_splinter removal,361.0888081967831
cc_glasses,359.96237406730654
cc_concern,355.3499532114714
cc_hypothermia moderate,355.1860088102781
cc_compromise,349.1850029389374
cc_injury unable,349.05297936797143
cc_onset,345.14091005060396
cc_inhaler technique,339.98240999877453
cc_red,339.15423738658427
cc_endocrine,331.16542683290317
cc_dehydration moderate,329.65904487371444
cc_cramping,329.58752480349506
cc_chest discomfort,329.1666868302971
cc_corneal abrasion,328.32875311225655
cc_droop,326.61607186198233
cc_ground vomiting,325.40365861319003
cc_without,322.74990090839566
cc_temporal,312.6922853573226
cc_fibrillation,311.6953306190669
cc_five,310.34020177014173
cc_recurrence,307.5921384681482
cc_certificate request,303.92916178405284
cc_severe dehydration,300.3658584198914
cc_pain with,296.7529099586769
cc_history of,294.6725124224002
cc_contraception,293.86747663170104
cc_epiglottitis,291.94087949115783
cc_allergic rash,287.9486181914806
cc_rib,287.1742869179696
cc_with pain,286.5751827485859
cc_epistaxis controlled,286.22642068406566
cc_health medication,278.4793654799461
cc_seasonal,276.0274642023258
cc_acne,275.6038932979107
cc_withdrawal,274.62011722177266
cc_ruptured,273.7237668439746
cc_antihypertensive refill,272.9077425181865
cc_dietary,272.30776407718656
cc_days,272.13812407843074
cc_activity,271.3842425651849
cc_drop prescription,266.7562540888786
cc_distal radius,265.86170661635697
cc_since,263.76069716107327
cc_anaphylaxis with,263.24498096928
cc_altered,262.9422705222387
cc_runny,255.93193373040995
cc_asthma exacerbation,255.48641043752434
cc_in elderly,249.29208614826203
cc_specific,247.95145763456824
cc_with photophobia,246.02634586542848
cc_to,244.43000911753626
cc_imbalance,242.97586587443948
cc_question with,239.48365286620364
cc_migrans,238.48199008107184
cc_viral,236.74956760806964
arrival_month,235.17223627826573
cc_cough review,234.63031912371514
cc_source 39,232.62016268074512
cc_general deterioration,224.37272416725756
cc_otitis,224.27458419352772
cc_blood pressure,224.12018433334308
cc_fever with,223.4486942365249
cc_minor chest,219.94117879834957
cc_penetrating,211.45630896426738
cc_ongoing seizure,210.87913267426194
cc_crisis,210.3185846341541
cc_brain,209.2615708485246
cc_hygiene,207.0950885117054
cc_retinal,204.53582467501985
cc_intermittent,203.77006405054053
cc_asthma,203.4971429311205
hx_coronary_artery_disease,203.36053845661334
cc_visual,201.63205817788838
cc_contamination,200.1809460467659
cc_of,200.14046682026856
cc_at,199.4782442606287
cc_closed,199.47756498754023
cc_deficit,198.90227037975566
cc_uti repeat,194.2321190148592
cc_wound check,192.44029858373108
cc_worsening with,189.15934415371157
cc_peritonsillar,186.96139515005052
cc_up,185.16926270443946
cc_exposure,185.03251627087593
cc_with fever,184.6143164236487
cc_arrest,183.46683505624534
cc_mild low,181.43741674907503
cc_in,178.10798521306484
cc_mental,177.34171106894502
cc_rapidly spreading,173.98601828399114
cc_with dysphagia,172.37133845984937
cc_acute nstemi,169.13081738268957
cc_bruising,168.2807442255318
cc_onset today,166.7232623311691
cc_systemic features,163.96266081444918
cc_and intent,163.473958177818
cc_moderate epistaxis,162.75947047472
cc_hours,162.08397511698712
cc_colic with,161.81866227751598
cc_hypothyroid,161.2647895504255
cc_traumatic,160.27234088778496
cc_hot,160.2589374039322
cc_eczema herpeticum,160.21635589422658
cc_suicidal,159.06620396506042
cc_back pain,158.59138350374997
cc_endocrine referral,156.85860886070878
cc_cord injury,156.57082555703818
cc_acute pancreatitis,156.54073435389438
cc_constant,155.73018701563416
cc_scalp,155.55280210226775
cc_diabetic,155.12049897685648
cc_bone,153.25380812953227
cc_associated,150.51265101233002
cc_urinary symptoms,145.2729861192405
cc_loc,144.8742935837479
cc_physiotherapy,144.43259725309906
cc_rigors,144.3481981756736
cc_tract infection,143.7980756948935
cc_bruised,141.8531739592552
cc_confusion now,141.49663394764065
cc_insect sting,139.84799423217774
cc_dietary advice,138.83415362834933
cc_fracture with,138.58478438860038
cc_blunt,138.25545257441698
cc_renal failure,137.01141920089722
cc_nausea,133.31139447711175
cc_facial trauma,132.65441555976867
cc_unwell feeling,132.07690050303935
cc_acute mastoiditis,131.96019605007024
cc_social admission,131.4035340507515
cc_necrotising fasciitis,131.06018194481732
cc_no,129.66879162153637
cc_wheeze,129.24083776772022
cc_storm,128.66845379769802
cc_pancreatitis,128.47614740310237
cc_self,128.23646648218855
cc_with near,122.0575545668602
cc_hyperglycaemia with,120.66306975036859
cc_viral urti,120.08615708891303
cc_scrotal,119.99527807682753
cc_cause,119.9604837320745
cc_failure with,115.52808580924756
cc_meningococcal,115.41469287201762
cc_emergency,112.40431028264574
cc_diaphoresis,112.28138220516813
cc_acute angle,111.66460473798215
cc_decompensated,110.2137136527337
cc_high speed,109.31707038604654
cc_movement,108.19416572493269
cc_psychiatric,108.12894893176855
cc_palpitations with,107.74263345887884
cc_nausea and,107.72200767323375
cc_refill,107.37517466247081
cc_jaundice,107.08011764287949
cc_glucose,106.89783602943643
cc_wound redness,105.93677686825394
cc_lens problem,105.41412608027457
hx_diabetes_type2,104.78287640294002
cc_headache with,104.20999744795263
cc_medical,103.70224249362946
cc_abnormal vitals,103.38804929256439
cc_memory complaint,103.28754976913334
cc_drowning with,102.98038870431483
cc_chronic anxiety,102.17272617816924
cc_transient limb,100.99646035432815
cc_dislocation with,100.63484160490333
cc_for,99.50505753469332
cc_health question,97.92578185014426
cc_wax removal,97.19452802389858
cc_dog,97.18959925174713
cc_near drowning,97.05083180824295
transport_origin,96.99553043559281
cc_disturbance,96.92407246865332
cc_pneumothorax,96.69567106068133
cc_intervention,96.03207606300711
cc_thunderclap headache,95.93404858689756
cc_bilious vomiting,95.88526679212228
cc_head bump,95.85785296205431
cc_peripheral oedema,95.32305817306042
cc_result,95.32270007058978
cc_psychosis,94.41178713552654
cc_acne advice,93.11420389413834
cc_functional,92.99250958450138
cc_colitis,91.3168361117132
cc_atrial,89.37091627120972
cc_red painful,88.32556667625904
cc_minor facial,88.12280163541436
cc_effect question,87.94601740837096
arrival_day,87.8966407063419
cc_fracture no,87.32758966684342
cc_headache review,87.17744249254466
cc_ovarian,86.97342602526768
hx_asthma,86.70028244017522
cc_five days,86.66735439896584
cc_migrans tick,86.39475457072258
cc_renal,85.96756427548826
cc_knee injury,85.65844278931617
hx_hypertension,85.0796254386194
cc_deliberate,85.04092766158283
cc_obstruction,84.84531945502385
cc_episode,84.6451215940062
cc_eye injury,84.40303619503975
cc_abdomen stable,84.06116977971979
cc_suspected dengue,83.77816224396229
cc_night,83.59034296870232
cc_harm,83.34122907537967
cc_discomfort,83.31279227733611
insurance_type,83.21938558079262
cc_large pulmonary,83.20198530412745
cc_allergic,82.72661751545965
cc_soreness,81.59554128721355
cc_and arm,79.81400599796325
cc_retinal detachment,78.95155010544696
cc_week cough,78.66219945196063
cc_of vision,78.10032054781915
cc_general,77.85086365081371
cc_vertigo with,77.44485477954149
cc_community acquired,76.02764221727847
cc_abscess with,75.78577384520324
cc_features query,75.76443829983472
cc_dermatitis,75.09783474318684
cc_malaria,74.7366030571051
cc_glasses prescription,74.54859715104104
cc_allergic reaction,74.38258226793259
cc_artery,74.14946643859149
cc_overdose unknown,73.71488436460496
cc_tightness with,72.67973912358283
cc_haemoptysis,72.0361998911947
cc_uti with,72.0073049813509
cc_stress reaction,69.28364114239812
cc_bleed,69.2004380801227
cc_testicular,68.96791992681102
cc_acute stroke,68.87334366533906
cc_embolism,67.48435901188932
cc_acute urinary,67.37615254838019
cc_compartment,66.97139585847034
cc_systemic symptoms,66.88620775938034
cc_aortic dissection,66.74665215909481
cc_orbital cellulitis,66.64968769135885
cc_sti screening,65.85868608057498
hx_atrial_fibrillation,65.64300678803556
cc_tonsillitis worsening,65.3174740076065
cc_mva,65.18973987903446
cc_known af,65.15709034129976
cc_travel,64.79463860094548
cc_on exertion,63.94236184656619
cc_technique,63.37361093685031
cc_acute psychosis,61.30787921696901
cc_with injury,61.30048107504845
cc_low back,61.04020368307829
cc_symptomatic severe,60.82285393574276
sex,60.61036889482057
cc_haemodynamic instability,60.42197028398514
hx_diabetes_type1,60.16287971811253
cc_wheeze controlled,60.05285234451294
cc_gi,60.02923181951046
cc_bowel,59.74427626430988
cc_with vomiting,59.55392387007887
cc_haemothorax,59.336612545698884
hx_copd,59.27773073440476
cc_exacerbation,59.127587926387775
cc_bruising after,58.686388683039695
cc_sepsis signs,58.65688588619233
language,58.57371517103002
cc_minor joint,58.01633826829493
cc_hypoglycaemia unresponsive,57.77880557179451
hx_substance_use_disorder,57.56431488571689
cc_collapse,57.448717530816786
cc_request with,56.20682253427803
hx_liver_disease,55.81304345790267
cc_exposure advice,55.185391759872445
cc_temporal bone,55.00314574837685
cc_hyperglycaemic,53.764812261727634
cc_knee,53.62743981531821
cc_colic moderate,53.59130294322967
cc_withdrawal mild,52.737232035771015
cc_incontinence,52.6653329346329
cc_mild abdominal,52.51924149258993
cc_visual blurring,51.81400441527367
cc_mild epistaxis,51.21029780507088
cc_sprain,51.06922979103402
cc_query with,50.563271497219716
cc_weight change,50.217374154925345
cc_organ,49.046243047341704
cc_pressure,48.86239728927612
hx_hiv,48.300210624397735
cc_globe,48.131809590756895
hx_hyperthyroidism,47.5254384542055
cc_fatigue worsening,47.41054162979126
cc_urgent review,47.387423276901245
cc_radius,47.31575361043215
hx_hypothyroidism,46.83391932779924
cc_seizure,46.50656531825662
cc_post,46.274541139602654
cc_otitis media,45.901543183624746
cc_droop resolved,45.85862015485764
hx_immunosuppressed,45.844861413526814
arrival_season,45.68694794040458
cc_activity advice,45.15043567419052
cc_physiotherapy referral,44.731917809322475
cc_with rigors,44.45886717556859
cc_at rest,44.44090423313901
cc_stab,43.58717370592058
cc_non bloody,43.39125292897225
cc_acute mania,43.36886697295122
cc_eye drop,43.098770081996925
cc_abrasion with,42.81444473136216
cc_pain chronic,42.53265134394169
cc_hygiene advice,42.16293251514435
cc_pleuritic,42.11842057704926
cc_severe hypothermia,41.764610483497385
cc_since yesterday,41.49322184271587
cc_epiglottitis suspected,41.086215796973555
cc_cardiogenic,39.899994767457244
cc_vaginal bleeding,39.87356570959091
cc_over,39.45446674386331
cc_hypothyroid coma,38.85290588736534
cc_clinically,38.50926454784349
cc_brain injury,38.37145159170031
cc_loss query,38.35579841285944
cc_contraception advice,38.2445252507925
hx_obesity,38.1388534567086
cc_necrotising,38.007156600430605
cc_blunt abdominal,37.486478173732756
cc_rash moderate,37.25271016508341
cc_toenail,37.144525814056394
cc_mild itchy,37.1409950915724
cc_nstemi,36.720785995712504
hx_anxiety,36.675264418273585
cc_seasonal allergy,36.09450998194516
cc_pain no,36.06134570320137
cc_hyperglycaemic state,35.98003775626421
cc_stroke,35.6598532977514
cc_episode assessment,35.47667922973633
hx_depression,34.69288452798901
cc_onset jaundice,34.43781275749207
cc_herpeticum,34.38852724265307
cc_acute orbital,34.23948776274919
cc_functional impairment,34.14511515796185
cc_acute adrenal,34.0038496017456
cc_swelling with,33.29948083469644
cc_peritonsillar abscess,33.1969724569004
cc_with complications,32.499861060827975
cc_rib fracture,32.463251415640116
cc_aortic,32.362551539950076
cc_unknown source,30.701665860414504
cc_altered mental,30.5771255024476
cc_patient,30.560374647867867
cc_stable follow,30.539435946941374
cc_prescription question,30.489819717407226
cc_scrotal pain,30.36974985599518
cc_conjunctivitis worsening,29.967577695846558
cc_bone fracture,29.870478827273473
cc_bullous,29.83293296098709
cc_exertional,29.788144254684447
cc_body throat,29.728294706344606
cc_hypoxia,29.636874598264697
cc_with airway,29.57286494374275
cc_dizziness with,29.392530002444982
cc_insect bite,29.265831863880155
cc_moderate low,28.934057739377025
cc_suicidal ideation,28.1132621973753
cc_today,27.945149301574567
cc_coma of,27.86130565628409
cc_associated nausea,27.795863282022765
cc_with dyspnoea,27.426677244901654
cc_abdominal pain,27.252617478370667
cc_sudden loss,26.919151424616576
cc_laceration with,26.662433618307116
cc_femur,26.61854364722967
cc_ideation with,26.5823320412077
cc_dysfunction,26.417531299823892
cc_imbalance symptomatic,26.337331077456476
cc_septic,26.035250114649532
cc_and runny,25.871512126922607
cc_known patient,25.82815881864153
hx_peripheral_vascular_disease,25.773588289692995
cc_night sweats,25.751398074626923
cc_severe hypoglycaemia,25.741217300109565
cc_risk,25.737618047371505
cc_closed ankle,25.52874179780483
cc_mild contact,25.189258719980714
cc_atrial fibrillation,25.050305962562565
cc_unknown substance,25.012845993041992
cc_urosepsis with,24.98244183063507
cc_haemodynamic,24.81579743234569
cc_status,24.541581809939817
cc_for days,24.507914261112457
cc_fall with,24.42097815349698
cc_mild confusion,24.36384922266006
cc_with symptoms,24.229000902175905
cc_angle,24.039336057379842
cc_exertional chest,23.82532024383545
cc_pressure check,23.685923862457276
cc_glucose monitoring,23.304003477096558
age_group,23.21030606748245
cc_retention with,22.879419936612248
cc_mastoiditis,22.690660873800518
cc_arm,22.39432507925667
cc_medical certificate,22.236199951171876
cc_sunburn with,22.127394151687625
cc_delirium,22.08281701505184
hx_stroke_prior,22.06558715328574
cc_high fever,21.862861847877504
cc_ovarian torsion,21.815268582905993
cc_kidney,21.34539209511131
cc_severe with,21.314045833516868
cc_haemoptysis significant,21.257440101355314
cc_deliberate overdose,21.14745427519083
cc_runny nose,21.144994532642883
cc_unexplained,20.49102719426155
cc_hypertensive,19.69249481447041
cc_diabetic ketoacidosis,19.616178227961065
cc_clinically suspected,19.58529193662107
cc_with renal,19.504483482986693
cc_pancreatitis stable,19.31693032830954
hx_heart_failure,19.220549964904787
cc_mild no,19.131227970309553
cc_moderate asthma,18.657323086261748
cc_significant blunt,18.628058624267577
cc_significant constant,18.415432119369505
cc_with diaphoresis,18.36969795137411
cc_localised with,18.13935052752495
cc_acute airway,17.603669003397226
cc_blunt thoracic,17.57564870333299
cc_tension,16.815965657681225
cc_scalp laceration,16.731299251317978
cc_fracture in,16.45808907598257
hx_epilepsy,16.38122415856924
cc_deficits,16.374225281365213
cc_severe malaria,16.372645356226712
cc_with movement,16.3278018114078
cc_severe psychosis,16.19271521270275
cc_globe rupture,16.151562532037495
cc_retention,16.091714138677347
cc_ischaemic,16.089822808053576
cc_bilateral,15.813899455219508
cc_thyroid related,15.749668308347465
hx_ckd,15.730375269986691
cc_suspected rib,15.674236741662025
cc_resolved no,15.646907436847687
cc_wall,15.622407650947569
cc_injury significant,15.478389798849822
shift,15.43657545612332
cc_query no,15.284372927062213
hx_coagulopathy,15.150338332541288
cc_moderate large,14.837993958592415
cc_shoulder dislocation,14.442958465218545
cc_artery occlusion,14.376584842056037
cc_abrasion no,14.361927130818367
cc_bleed haematemesis,14.354695815686135
cc_decompensated heart,14.260384434461594
cc_new incontinence,14.050313146971165
cc_congestion with,13.901764198951422
cc_epidermal,13.791463070362807
cc_open fracture,13.622834899416194
cc_dissection,13.574991464614868
cc_flare with,13.482379984855651
cc_wound abdomen,13.315871579386293
cc_query worsening,13.292638245038688
cc_testicular torsion,13.24117248058319
cc_ear with,13.209829950332642
cc_hot swollen,13.055361044406892
cc_signs,12.990660787932576
cc_panic attack,12.818438339233397
cc_wound with,12.772936532461973
cc_psychiatric decompensation,12.742183646559715
cc_fall from,12.707878065109254
cc_paraesthesia with,12.581787451775744
cc_stab wound,12.531532259844244
cc_removal with,12.387651908025147
cc_with abnormal,12.300817906856535
cc_with sepsis,12.275696039199829
cc_controlled no,12.223267936706543
cc_priapism,11.922621563822032
cc_bowel perforation,11.82315538674593
cc_haemorrhage with,11.762163972854612
cc_traumatic brain,11.66447049677372
cc_with shock,11.490725464373826
cc_discharge with,11.467970180511474
cc_psychosis with,11.409008723124861
cc_bacterial,11.36621632911265
cc_no prior,11.187641233176691
cc_mania,11.088569594919683
cc_with haemothorax,11.071656045317651
cc_self harm,10.946516721323132
cc_problem,10.903965997695924
cc_cellulitis with,10.821825774386525
hx_malignancy,10.773115490563214
cc_irritation with,10.722349555045367
cc_colitis suspected,10.615204894915223
cc_requiring,10.535909962654113
cc_multi,10.524831412732603
cc_compartment syndrome,10.45375590622425
cc_mild with,10.438901794923005
cc_referral with,10.377353858947753
cc_severe allergic,10.341796065866948
cc_discomfort stable,10.180596631113438
arrival_mode,10.041628159064203
cc_multiple,9.98457311168313
cc_violence,9.975369359552861
cc_trismus,9.7488542675972
cc_significant intermittent,9.713999634981155
cc_toenail infected,9.649666023254394
cc_fulminant hepatitis,9.595831003785134
cc_necrotising infection,9.56337894713506
cc_injuries,9.457387185795234
cc_bruised knee,9.45360504630953
cc_significant with,9.401152311265468
cc_meningitis clinically,9.31227329224348
cc_medical complications,9.263701772689819
cc_intoxication with,9.134513807296752
cc_of unknown,9.12917734235525
cc_stroke with,8.836004894785582
cc_acute mesenteric,8.810034951334819
cc_vomiting without,8.710877943038941
cc_travel prophylaxis,8.650859832763672
cc_sting,8.42215998545289
cc_mental health,8.363582062721253
cc_bloating with,8.35443787574768
cc_review no,8.186480199731886
cc_violence risk,8.116084742546082
cc_bullous pemphigoid,8.064661453664304
cc_recurrence with,8.057019805908203
cc_respiratory failure,7.974403081834316
cc_strain with,7.9486981391906735
cc_trauma with,7.831157246232032
cc_upper respiratory,7.795827722549438
cc_yesterday,7.775604562601075
cc_obstruction with,7.544691962003707
cc_mastoiditis with,7.516225689277054
cc_severe renal,7.50385830104351
cc_with contamination,7.480587424337864
cc_sensation,7.446092081069946
cc_suspected with,7.4369290554896
cc_to weight,7.363583898544312
cc_stable vitals,7.340905666351318
cc_moderate facial,7.317613887786866
cc_with associated,6.86437074814894
cc_cardiogenic shock,6.7100458294153205
cc_sleep,6.709285926818848
cc_referral query,6.617980194091797
cc_vomiting with,6.61034751329571
cc_angle closure,6.542867425270378
cc_with haemorrhage,6.541714744269847
cc_over hours,6.490968122426421
cc_mental status,6.420948215387762
cc_mild worsening,6.06268330491148
cc_review worsening,6.054476317333319
cc_radius fracture,5.970242726802826
cc_torsion with,5.87966707162559
cc_cough with,5.838517067534849
cc_pleuritic chest,5.802141952514649
cc_requiring intervention,5.761866092681885
cc_irritation worsening,5.66830063574016
cc_ketoacidosis,5.659856925159692
cc_community pneumonia,5.6594231009483345
cc_impairment,5.548761659860611
cc_massive transfusion,5.388562750071287
cc_herpeticum with,5.321489882469177
cc_facial droop,5.267622017860412
cc_feeling with,5.254147664643824
cc_technique question,5.21419997215271
cc_monitoring with,5.101393236033619
cc_thyroid storm,5.067765353247523
cc_electrolyte disturbance,5.01226873099804
cc_bronchospasm,5.000281723588705
cc_acute drug,4.990334314852953
cc_arm radiation,4.962363368272781
cc_central,4.953853828459978
cc_dyspnoea at,4.9403858611360185
cc_spinal,4.786516027152539
cc_screening with,4.667023608088494
elderly,4.623659241665155
cc_toxic,4.548606163263321
cc_harm with,4.521176096424461
cc_tension pneumothorax,4.288346933573486
cc_excited,4.26691145375371
hx_dementia,4.212416154704988
cc_concern with,4.206824016571045
cc_prescription query,4.152799987792969
cc_vision,4.100195980072021
cc_vascular,4.066304311156273
cc_symptoms with,4.038202454056591
cc_gastroenteritis with,3.9481499671936033
cc_weakness,3.862394691258669
cc_productive,3.7413339614868164
cc_adrenal,3.723964327577414
cc_found,3.6626214064657687
cc_burn,3.598719031363726
cc_electrical,3.5343165464699267
cc_hypertensive emergency,3.4452738067135216
cc_fulminant hepatic,3.424753763526678
cc_removal worsening,3.380762052536011
cc_hepatitis,3.3351019546389584
cc_renal colic,3.308471425995231
cc_advice worsening,3.151503777503967
cc_suture removal,3.1256888628005983
cc_referral question,3.0728559255599976
cc_focal,2.9778698161244392
cc_moderate for,2.9549668073654174
cc_question constant,2.9142268539406357
cc_congestion and,2.9056460422463717
cc_severe anaphylaxis,2.905062592029571
cc_glaucoma with,2.887776376307011
cc_amputation,2.8732390219345687
cc_ischaemic colitis,2.828683161735535
cc_serious,2.8206575512886047
cc_of this,2.7607670039869845
cc_dyspnoea no,2.573792506381869
cc_hyperosmolar hyperglycaemic,2.558214017748833
cc_moderate with,2.5495304845273496
cc_epistaxis with,2.5407379865646362
hx_pregnant,2.4982093927275857
cc_fasciitis rapid,2.493560661375523
cc_organ dysfunction,2.48908501714468
cc_skin tag,2.472122025489807
cc_query onset,2.4379322784952824
cc_heart,2.4357689738273622
cc_prescription with,2.3434532741084695
cc_mania with,2.3178582958877088
cc_gi bleed,2.3105889640748503
cc_seizure with,2.2901772022247315
cc_urinary retention,2.2886459827423096
cc_query since,2.288253411324695
cc_minor head,2.2227220058441164
cc_question intermittent,2.196918135508895
cc_paperwork with,2.16684812605381
cc_electrical activity,2.109055158495903
cc_ventricular,2.070568773150444
cc_rupture,2.0260291039943694
cc_without blood,2.0198180198669435
cc_sleep hygiene,1.9690000534057617
cc_with haemodynamic,1.9626895591616629
cc_dissection suspected,1.9521413058042527
cc_with ischaemia,1.9326000213623047
cc_result inquiry,1.9285326331853867
cc_pulmonary,1.8962057765573264
cc_resolved with,1.862054415140301
cc_priapism with,1.8564763888716698
cc_no loc,1.8442699432373046
cc_hyperosmolar,1.8377874314785003
cc_femur fracture,1.8281700134277343
cc_query in,1.8045643149409443
cc_traumatic eye,1.7739960670471193
cc_intent,1.7727537989616395
cc_rest,1.7433605968952177
cc_refill request,1.7167197823524476
cc_with unknown,1.7117660284042358
cc_query constant,1.6694867962971331
cc_inquiry with,1.6664699554443358
cc_prior,1.6400872364640233
cc_epidermal necrolysis,1.6027235854417088
cc_overdose with,1.5635524395853282
cc_problem with,1.5628520011901856
cc_central retinal,1.5482020378112793
cc_review in,1.533772253396455
cc_with bilious,1.494478380680084
cc_nstemi with,1.4807220458984376
cc_penetrating abdominal,1.4567819595336915
cc_spreading necrotising,1.4481427907943725
weekend,1.4209541231393814
cc_coma with,1.4116140365600587
cc_suture,1.4084711581468583
cc_worsening over,1.391134040011093
night_shift,1.3749459862709046
cc_complications with,1.3744393661618233
cc_open femur,1.3706380367279052
cc_sepsis with,1.3548399925231933
cc_severe back,1.345032089948654
cc_medication side,1.342493611574173
cc_crush injury,1.3083459854125976
cc_question for,1.3015024030581117
cc_ventricular fibrillation,1.2704241871833801
cc_stable no,1.261691999435425
cc_fracture haemodynamically,1.249730968475342
cc_decompensation with,1.2420940399169922
cc_referral worsening,1.2400559902191162
cc_vascular compromise,1.2341840267181396
cc_mesenteric,1.2249909460544586
cc_angioedema,1.2141982287168502
cc_question worsening,1.19848437034525
cc_query for,1.1983503124094568
cc_crush,1.1928939819335938
cc_significant worsening,1.176169902086258
cc_risk with,1.1530298231169582
cc_up with,1.1467067018151282
cc_skin with,1.1339505910873413
cc_perforation with,1.1191067695617676
cc_from height,1.0656519889831544
cc_days with,1.0510040044784545
cc_cervical,1.002371262013912
cc_soreness with,1.0015580236911774
cc_post exposure,0.9753620147705078
cc_with hypoxia,0.9711689710617066
cc_symptoms no,0.9282757678069175
cc_severe electrolyte,0.9228480130434037
cc_suspected in,0.8928827956318856
cc_localised worsening,0.890962028503418
cc_jaundice with,0.8760700225830078
cc_instability,0.8280660152435303
cc_mechanism,0.8130456890910864
cc_suspected since,0.7977568060159683
cc_review constant,0.7904987279325724
cc_hepatic,0.7781223013997078
cc_new facial,0.7750420093536377
cc_detachment with,0.766510009765625
cc_elderly with,0.7649923138320447
cc_review onset,0.7604071663925425
cc_query intermittent,0.7452701648930087
pediatric,0.7318665958940983
cc_palpitations worsening,0.7311200141906739
cc_mva multiple,0.7265480041503907
cc_meningitis suspected,0.7077099800109863
cc_panic,0.704826021194458
cc_review intermittent,0.7043393734842538
cc_recurrence worsening,0.6959239959716796
cc_spinal cord,0.6750574730336667
cc_with deficit,0.672514009475708
cc_shoulder pain,0.6114059925079346
cc_perforation,0.6107756078243256
cc_gunshot,0.6088628113269805
cc_irritation for,0.6015120029449463
cc_closure,0.5931385844945908
cc_question since,0.589363378705457
cc_moderate in,0.5892320156097413
cc_dyspnoea with,0.5865359783172608
cc_pneumonia moderate,0.5822449803352356
cc_abrasion intermittent,0.5702685546129942
cc_fever worsening,0.564424682315439
cc_compromise with,0.5486160039901733
cc_photophobia with,0.5397520065307617
cc_active,0.5374277420341969
cc_severe ovarian,0.5268736988306045
cc_severe acute,0.5083620071411132
cc_question onset,0.5069174350239336
cc_unknown cause,0.4989104002714157
cc_multiple injuries,0.49301719665527344
cc_haemodynamically unstable,0.4903739929199219
cc_burn bilateral,0.47795661687850954
cc_requirement,0.4582883924245834
cc_with trismus,0.4582022115588188
cc_ketoacidosis with,0.45674201250076296
cc_infection with,0.43744187764823433
cc_found unconscious,0.43459961116313933
cc_tick,0.4320700168609619
cc_check with,0.429219329636544
cc_airway obstruction,0.395128908008337
cc_resolved worsening,0.3894091963768005
cc_insufficiency,0.3849839925765991
cc_focal deficits,0.3836011916399002
cc_haematemesis,0.37986539900302885
cc_monitoring in,0.37941799163818357
cc_severe asthma,0.37671399116516113
cc_adrenal insufficiency,0.3744580030441284
cc_single,0.3741580009460449
cc_thoracic,0.36366864293813705
cc_diaphoresis and,0.36160399913787844
cc_stable with,0.3585090841166675
cc_moderate abdominal,0.34416399002075193
high_risk_arrival,0.33498779963701963
cc_advice for,0.33040099740028384
cc_pancreatitis with,0.32401671875268223
cc_neglect,0.3042900085449219
cc_abdominal stab,0.28849297761917114
cc_resolved intermittent,0.2863480091094971
cc_reaction with,0.273221448995173
cc_question in,0.2696283733937889
cc_nstemi worsening,0.26296000480651854
cc_wall pain,0.24673860669136047
cc_multi organ,0.2422201931476593
cc_pulmonary embolism,0.23761403262615205
cc_advice no,0.23743000030517578
cc_epistaxis uncontrolled,0.2370745599269867
cc_cervical spine,0.22252388074994087
cc_with violence,0.22120800018310546
cc_mild for,0.21623225510120392
cc_gunshot wound,0.2156812980771065
cc_acute altered,0.20622696056962014
cc_serious deliberate,0.20520401000976562
cc_symptoms worsening,0.19268884900957342
cc_haemodynamically,0.17306492030620574
cc_throat with,0.16397500038146973
cc_neck,0.13710723668336866
cc_heart failure,0.1294606551527977
cc_thoracic trauma,0.1268442787230015
cc_meningococcal septicaemia,0.11561314165592193
cc_vomiting worsening,0.11268767863512039
cc_moderate worsening,0.1095432781148702
cc_blurring with,0.10746020078659058
cc_urticaria,0.1052932396531105
cc_severe cardiogenic,0.1010375201702118
cc_aneurysm,0.10090440213680267
cc_necrolysis,0.09753237962722779
cc_with urticaria,0.09177759885787964
cc_suspected for,0.08442247956991196
cc_specific skin,0.08339920043945312
cc_crisis with,0.07987908003851771
cc_symptoms intermittent,0.0760229965671897
cc_moderate intermittent,0.07258713953197002
cc_active suicidal,0.06510111838579177
cc_mild since,0.06189527213573456
cc_review for,0.05979497954249382
cc_hypoglycaemia with,0.05919772088527679
cc_significant in,0.0588605210185051
cc_monitoring worsening,0.05571056418120861
cc_review since,0.053644963633269066
cc_asthmaticus,0.051476219296455385
cc_excited delirium,0.05067200064659119
cc_medication adjustment,0.05035880208015442
cc_mood with,0.049693599343299866
cc_severe traumatic,0.0441103994846344
cc_haemorrhage worsening,0.04204663932323456
cc_uncontrolled,0.04116143882274628
cc_moderate no,0.03909438028931618
cc_fever for,0.038041874114423994
cc_worsening worsening,0.03772347595077008
cc_ectopic,0.03598727956414223
cc_fibrillation with,0.033160200715065
cc_drug,0.031026678904891015
cc_with new,0.0310153990983963
cc_symptoms in,0.02904065456241369
cc_symptoms onset,0.027144406083971263
cc_hepatic failure,0.02532975971698761
cc_attempt,0.024297399818897246
cc_haemodynamic compromise,0.02320439964532852
cc_mechanism unclear,0.022786399722099303
cc_mesenteric ischaemia,0.02173440009355545
cc_respiratory arrest,0.020904000103473663
cc_fracture worsening,0.018755659461021423
cc_neurological,0.018599680066108702
cc_infection worsening,0.0181570403277874
cc_severe self,0.01756502017378807
cc_reaction no,0.0170893594622612
cc_ectopic pregnancy,0.016830700635910033
cc_traumatic amputation,0.01679496020078659
cc_laceration no,0.016643281932920216
cc_symptoms for,0.016621376015245912
cc_suspected worsening,0.016212320327758788
cc_spreading cellulitis,0.016056659817695617
cc_resolved in,0.015595078095793724
cc_syndrome with,0.015305720269680023
cc_fibrillation onset,0.014923059940338134
cc_rapid spread,0.01415064036846161
cc_up no,0.013577510043978691
cc_severe hypertensive,0.013256980478763579
cc_trauma for,0.013132919371128083
cc_mild hearing,0.013089939951896667
cc_dysuria with,0.012724180147051812
cc_pain onset,0.012690011691302062
cc_bacterial meningitis,0.012638099864125252
cc_transfusion,0.012597960233688355
cc_moderate onset,0.01104307994246483
cc_mild onset,0.00992641821503639
cc_glaucoma worsening,0.009659799933433532
cc_stable worsening,0.009532339870929718
cc_suspected no,0.008906739950180053
cc_malaria with,0.008792299777269363
cc_vomiting for,0.007789359986782074
cc_question no,0.007528199814260006
cc_elderly worsening,0.007369761867448688
cc_severe worsening,0.006279979646205902
cc_mild constant,0.005468660034239292
cc_up worsening,0.005272484011948108
cc_with risk,0.00340920016169548
cc_resolved onset,0.00313120000064373
cc_symptoms since,0.002682460006326437
cc_failure worsening,0.0025253599509596826
cc_fever since,0.0023684199433773754
cc_fever constant,0.0021175079979002475
cc_fever intermittent,0.0019504999741911887
cc_symptoms constant,0.0017349500209093093
cc_ground level,0.0016875740140676499
cc_prior history,0.0005280139856040477
cc_symptomatic worsening,0.0
cc_abrasion for,0.0
cc_sweats for,0.0
cc_symptomatic with,0.0
cc_symptomatic since,0.0
cc_symptomatic in,0.0
cc_sweats in,0.0
cc_sweats intermittent,0.0
cc_sweats with,0.0
cc_sweats worsening,0.0
cc_swelling for,0.0
cc_symptomatic constant,0.0
cc_emergency worsening,0.0
cc_swollen joint,0.0
cc_tag removal,0.0
cc_epilepticus,0.0
cc_epilepticus refractory,0.0
cc_cough no,0.0
cc_cough worsening,0.0
cc_syncope worsening,0.0
cc_syndrome signs,0.0
cc_system,0.0
cc_tag,0.0
cc_system trauma,0.0
cc_swelling intermittent,0.0
cc_bear with,0.0
cc_bear worsening,0.0
cc_bite constant,0.0
cc_bite intermittent,0.0
cc_bite no,0.0
cc_bite onset,0.0
cc_bite since,0.0
cc_bite with,0.0
cc_monitoring onset,0.0
cc_abrasion in,0.0
cc_39 onset,0.0
cc_39 since,0.0
cc_39 with,0.0
cc_39 worsening,0.0
cc_tick bite,0.0
cc_to thorax,0.0
cc_to treatment,0.0
cc_torsion constant,0.0
cc_elderly for,0.0
cc_joint septic,0.0
cc_monitoring since,0.0
cc_moderate constant,0.0
cc_throat constant,0.0
cc_throat for,0.0
cc_throat in,0.0
cc_throat intermittent,0.0
cc_throat no,0.0
cc_throat onset,0.0
cc_throat since,0.0
cc_bear since,0.0
cc_syncope constant,0.0
cc_syncope for,0.0
cc_syncope in,0.0
cc_syncope with,0.0
cc_embolism with,0.0
cc_embolism worsening,0.0
cc_emergency with,0.0
cc_this,0.0
cc_thorax,0.0
cc_bear no,0.0
cc_throat worsening,0.0
cc_exacerbation no,0.0
cc_exacerbation onset,0.0
cc_exacerbation with,0.0
cc_exacerbation worsening,0.0
cc_exertion constant,0.0
cc_exertion for,0.0
cc_exertion in,0.0
cc_stevens johnson,0.0
cc_sti with,0.0
cc_sting local,0.0
cc_elderly in,0.0
cc_abrasion since,0.0
cc_abrasion worsening,0.0
cc_ache with,0.0
cc_ache worsening,0.0
cc_strain onset,0.0
cc_stable in,0.0
cc_stable intermittent,0.0
cc_stable onset,0.0
cc_stable since,0.0
cc_state,0.0
cc_status asthmaticus,0.0
cc_abrasion onset,0.0
cc_stable constant,0.0
cc_stable for,0.0
cc_speed,0.0
cc_speed mva,0.0
cc_spine,0.0
cc_spine injury,0.0
cc_nose with,0.0
cc_multi system,0.0
cc_mva unresponsive,0.0
cc_neck trauma,0.0
cc_headache for,0.0
cc_exacerbation intermittent,0.0
cc_headache intermittent,0.0
cc_headache onset,0.0
cc_headache since,0.0
cc_status epilepticus,0.0
cc_status for,0.0
cc_status in,0.0
cc_status intermittent,0.0
cc_status with,0.0
cc_status worsening,0.0
cc_exacerbation for,0.0
cc_exacerbation in,0.0
cc_headache in,0.0
cc_cramping worsening,0.0
cc_crisis no,0.0
cc_light for,0.0
cc_light in,0.0
cc_light with,0.0
cc_light worsening,0.0
cc_swelling worsening,0.0
cc_swollen,0.0
cc_substance with,0.0
cc_substance worsening,0.0
cc_cardiac,0.0
cc_suspected constant,0.0
cc_suspected intermittent,0.0
cc_suspected onset,0.0
cc_complications constant,0.0
cc_complications for,0.0
cc_complications in,0.0
cc_complications intermittent,0.0
cc_height,0.0
cc_height significant,0.0
cc_abdomen with,0.0
cc_abrasion constant,0.0
cc_suicidal attempt,0.0
cc_cardiac arrest,0.0
cc_loc constant,0.0
cc_loc for,0.0
cc_laceration for,0.0
cc_laceration in,0.0
cc_laceration intermittent,0.0
cc_epistaxis for,0.0
cc_epistaxis in,0.0
cc_epistaxis intermittent,0.0
cc_epistaxis no,0.0
cc_epistaxis onset,0.0
cc_cramping with,0.0
cc_stemi,0.0
cc_stemi with,0.0
cc_stevens,0.0
cc_herniation,0.0
cc_herniation signs,0.0
cc_monitoring for,0.0
cc_monitoring intermittent,0.0
cc_bear intermittent,0.0
cc_sweats,0.0
cc_sweats constant,0.0
cc_strain worsening,0.0
cc_epistaxis since,0.0
cc_vitals intermittent,0.0
cc_dog bite,0.0
cc_drug overdose,0.0
cc_dysfunction with,0.0
cc_dysfunction worsening,0.0
cc_dysphagia constant,0.0
cc_dysphagia since,0.0
cc_weight loss,0.0
cc_dehydration for,0.0
cc_dehydration in,0.0
cc_intervention with,0.0
cc_dehydration no,0.0
cc_dehydration onset,0.0
cc_dehydration since,0.0
cc_dehydration with,0.0
cc_dizziness intermittent,0.0
cc_dizziness no,0.0
cc_dizziness onset,0.0
cc_dizziness since,0.0
cc_vitals with,0.0
cc_vitals worsening,0.0
cc_vomiting constant,0.0
cc_dehydration intermittent,0.0
cc_dysphagia with,0.0
cc_dysphagia worsening,0.0
cc_vitals no,0.0
cc_vitals onset,0.0
cc_vitals since,0.0
cc_up since,0.0
cc_upper gi,0.0
cc_vision with,0.0
cc_vitals constant,0.0
cc_up onset,0.0
cc_vitals in,0.0
cc_kidney with,0.0
cc_knee after,0.0
cc_check constant,0.0
cc_vomiting in,0.0
cc_vomiting intermittent,0.0
cc_vomiting no,0.0
cc_vomiting onset,0.0
cc_vomiting since,0.0
cc_weakness for,0.0
cc_weakness intermittent,0.0
cc_vitals for,0.0
cc_days worsening,0.0
cc_dizziness worsening,0.0
cc_impairment worsening,0.0
cc_blood with,0.0
cc_blood worsening,0.0
cc_blurring for,0.0
cc_worsening constant,0.0
cc_worsening for,0.0
site_id_te,0.0
cc_irritation onset,0.0
cc_irritation since,0.0
cc_worsening since,0.0
cc_ischaemic stroke,0.0
cc_jaundice constant,0.0
cc_jaundice no,0.0
cc_jaundice onset,0.0
cc_jaundice since,0.0
cc_discharge constant,0.0
cc_dermatitis with,0.0
cc_diabetic with,0.0
cc_diarrhoea for,0.0
cc_diarrhoea intermittent,0.0
cc_worsening intermittent,0.0
cc_ischaemia with,0.0
cc_dermatitis worsening,0.0
cc_with single,0.0
cc_with vascular,0.0
cc_with altered,0.0
cc_with bronchospasm,0.0
cc_with cardiogenic,0.0
cc_with collapse,0.0
cc_with compartment,0.0
cc_with focal,0.0
cc_with functional,0.0
cc_deficits with,0.0
cc_weakness no,0.0
cc_weakness with,0.0
cc_weakness worsening,0.0
cc_weight bear,0.0
cc_diarrhoea with,0.0
cc_with organ,0.0
cc_dizziness constant,0.0
cc_dizziness for,0.0
cc_dizziness in,0.0
cc_deficit with,0.0
cc_deficit worsening,0.0
cc_with herniation,0.0
cc_unclear intermittent,0.0
cc_torsion intermittent,0.0
cc_torsion onset,0.0
cc_torsion worsening,0.0
cc_toxic epidermal,0.0
cc_toxic shock,0.0
cc_transfusion requirement,0.0
cc_trauma constant,0.0
cc_trauma in,0.0
cc_trauma intermittent,0.0
cc_bleeding worsening,0.0
cc_ear for,0.0
cc_ear intermittent,0.0
cc_ear no,0.0
cc_ear worsening,0.0
cc_elderly constant,0.0
cc_unclear with,0.0
cc_trauma since,0.0
cc_trauma stable,0.0
cc_trauma worsening,0.0
cc_treatment,0.0
cc_trismus with,0.0
cc_dysuria worsening,0.0
cc_elderly intermittent,0.0
cc_elderly no,0.0
cc_elderly onset,0.0
cc_elderly since,0.0
cc_trauma mva,0.0
cc_trauma no,0.0
cc_trauma onset,0.0
cc_39 intermittent,0.0
cc_39 no,0.0
cc_instability with,0.0
cc_unclear in,0.0
cc_intent with,0.0
cc_exertion intermittent,0.0
cc_intoxication in,0.0
cc_intoxication onset,0.0
cc_intoxication since,0.0
cc_laceration onset,0.0
cc_johnson,0.0
cc_johnson syndrome,0.0
cc_unable to,0.0
cc_unclear constant,0.0
cc_unclear for,0.0
cc_insufficiency with,0.0
cc_decompensation worsening,0.0
cc_dyspnoea constant,0.0
cc_dyspnoea for,0.0
cc_dyspnoea in,0.0
cc_dyspnoea intermittent,0.0
cc_dyspnoea onset,0.0
cc_unclear worsening,0.0
cc_unconscious,0.0
cc_check for,0.0
cc_check in,0.0
cc_unable,0.0
cc_laceration constant,0.0
cc_irritation in,0.0
cc_irritation intermittent,0.0
cc_moderate since,0.0
cc_monitoring constant,0.0
cc_bleeding constant,0.0
cc_bleeding for,0.0
cc_bleeding in,0.0
cc_bleeding no,0.0
cc_bleeding since,0.0
cc_bleeding with,0.0
cc_check intermittent,0.0
cc_unconscious mechanism,0.0
cc_uncontrolled with,0.0
cc_unexplained weight,0.0
cc_unknown collapse,0.0
cc_unresponsive to,0.0
cc_unresponsive with,0.0
cc_unstable,0.0
cc_up constant,0.0
cc_up for,0.0
cc_up in,0.0
cc_up intermittent,0.0
cc_decompensation since,0.0
cc_unclear onset,0.0
cc_dyspnoea since,0.0
cc_dyspnoea worsening,0.0
cc_dysuria for,0.0
cc_bloating worsening,0.0
cc_mild in,0.0
cc_mild intermittent,0.0
cc_irritation no,0.0
cc_decompensation constant,0.0
cc_decompensation in,0.0
cc_decompensation intermittent,0.0
cc_unclear no,0.0
cc_pneumonia with,0.0
cc_pregnancy,0.0
cc_pregnancy with,0.0
cc_as flank,0.0
cc_obtundation,0.0
cc_occlusion,0.0
cc_onset atrial,0.0
cc_radiation,0.0
cc_radiation with,0.0
cc_infected worsening,0.0
cc_sprain no,0.0
cc_infection for,0.0
cc_infection in,0.0
cc_infection intermittent,0.0
cc_infection localised,0.0
cc_infection no,0.0
cc_infection onset,0.0
cc_fibrillation worsening,0.0
cc_flank,0.0
cc_flank pain,0.0
cc_flare constant,0.0
cc_infection constant,0.0
cc_flare no,0.0
cc_flare onset,0.0
cc_congestion worsening,0.0
cc_contamination with,0.0
cc_flare since,0.0
cc_flare worsening,0.0
cc_fracture constant,0.0
cc_fracture for,0.0
cc_fracture intermittent,0.0
cc_fracture onset,0.0
cc_purpura,0.0
cc_fractures,0.0
cc_fractures with,0.0
cc_infection since,0.0
cc_malaria worsening,0.0
cc_massive ischaemic,0.0
cc_problem constant,0.0
cc_problem worsening,0.0
cc_productive cough,0.0
cc_psychosis worsening,0.0
cc_pulseless,0.0
cc_pulseless electrical,0.0
cc_fracture since,0.0
cc_fibrillation since,0.0
cc_airway compromise,0.0
cc_airway risk,0.0
cc_redness worsening,0.0
cc_aneurysm presenting,0.0
cc_massive long,0.0
cc_massive lower,0.0
cc_massive pulmonary,0.0
cc_blurring worsening,0.0
cc_mechanism with,0.0
cc_flare for,0.0
cc_long,0.0
cc_long bone,0.0
cc_rapid,0.0
cc_rash onset,0.0
cc_haemorrhage for,0.0
cc_haemorrhage in,0.0
cc_haemorrhage intermittent,0.0
cc_fever no,0.0
cc_fever onset,0.0
cc_fibrillation constant,0.0
cc_reaction worsening,0.0
cc_locked in,0.0
cc_flare in,0.0
cc_flare intermittent,0.0
cc_organ failure,0.0
cc_as,0.0
cc_complications worsening,0.0
cc_compromise constant,0.0
cc_compromise worsening,0.0
cc_concern worsening,0.0
cc_gi haemorrhage,0.0
cc_glaucoma,0.0
cc_fibrillation no,0.0
cc_rash worsening,0.0
cc_reaction constant,0.0
cc_reaction for,0.0
cc_reaction in,0.0
cc_reaction intermittent,0.0
cc_reaction onset,0.0
cc_reaction since,0.0
cc_radiation worsening,0.0
cc_fibrillation for,0.0
cc_fibrillation in,0.0
cc_fibrillation intermittent,0.0
cc_rash with,0.0
cc_irritation constant,0.0
cc_wound in,0.0
cc_dehydration worsening,0.0
triage_nurse_id_te,0.0
cc_worsening onset,0.0
cc_impairment onset,0.0
cc_impairment since,0.0
cc_impairment with,0.0
cc_in syndrome,0.0
cc_incontinence with,0.0
cc_presenting as,0.0
cc_infected with,0.0
cc_gastroenteritis in,0.0
cc_gastroenteritis worsening,0.0
cc_gcs,0.0
cc_complications no,0.0
cc_complications onset,0.0
cc_complications since,0.0
cc_paperwork worsening,0.0
cc_paraesthesia constant,0.0
cc_jaundice worsening,0.0
cc_paraesthesia worsening,0.0
cc_infected for,0.0
cc_with loc,0.0
cc_worsening no,0.0
pain_location_te,0.0
cc_wound for,0.0
cc_dehydration constant,0.0
cc_with night,0.0
cc_with obtundation,0.0
chief_complaint_system_te,0.0
cc_discharge for,0.0
cc_diarrhoea worsening,0.0
cc_intoxication worsening,0.0
cc_with medical,0.0
cc_with neurological,0.0
cc_worsening in,0.0
cc_with peritonitis,0.0
cc_with plan,0.0
cc_wound constant,0.0
cc_wound no,0.0
cc_wound onset,0.0
cc_wound since,0.0
cc_wound to,0.0
cc_wound worsening,0.0
cc_wound intermittent,0.0
cc_plan constant,0.0
cc_plan for,0.0
cc_plan in,0.0
cc_plan no,0.0
cc_plan onset,0.0
cc_from,0.0
cc_plan with,0.0
cc_plan worsening,0.0
cc_peritonitis,0.0
cc_photophobia constant,0.0
cc_patient constant,0.0
cc_photophobia in,0.0
cc_photophobia intermittent,0.0
cc_photophobia no,0.0
cc_paraesthesia no,0.0
cc_assessment with,0.0
cc_assessment worsening,0.0
cc_asthma with,0.0
cc_pain constant,0.0
cc_pain for,0.0
cc_pain in,0.0
cc_presenting,0.0
cc_photophobia for,0.0
cc_patient intermittent,0.0
cc_patient since,0.0
cc_patient with,0.0
cc_patient worsening,0.0
cc_pelvic,0.0
cc_pelvic fracture,0.0
cc_pemphigoid,0.0
cc_pemphigoid acute,0.0
cc_penetrating neck,0.0
cc_aortic aneurysm,0.0
cc_plan and,0.0
cc_closure glaucoma,0.0
cc_collapse unresponsive,0.0
cc_pain intermittent,0.0
cc_pain since,0.0
cc_pain worsening,0.0
cc_palpitations constant,0.0
cc_palpitations in,0.0
cc_palpitations intermittent,0.0
cc_photophobia onset,0.0
cc_photophobia since,0.0
cc_photophobia worsening,0.0
cc_meningococcal purpura,0.0
cc_severe no,0.0
cc_severe onset,0.0
cc_eye with,0.0
cc_eye worsening,0.0
cc_eyes with,0.0
cc_eyes worsening,0.0
cc_facial fractures,0.0
cc_failure no,0.0
cc_failure onset,0.0
cc_shock multi,0.0
cc_recurrence for,0.0
cc_shock with,0.0
cc_shock worsening,0.0
cc_side,0.0
cc_side effect,0.0
cc_significant epistaxis,0.0
cc_significant for,0.0
cc_impairment constant,0.0
cc_bite worsening,0.0
cc_neglect with,0.0
cc_neurological deficit,0.0
cc_asthmaticus unresponsive,0.0
cc_shock syndrome,0.0
cc_controlled onset,0.0
cc_controlled since,0.0
cc_controlled with,0.0
cc_controlled worsening,0.0
cc_controlled constant,0.0
cc_controlled for,0.0
cc_septic shock,0.0
cc_septicaemia,0.0
cc_severe constant,0.0
cc_severe dyspnoea,0.0
cc_severe intermittent,0.0
cc_severe for,0.0
cc_fall in,0.0
cc_fall intermittent,0.0
cc_fall no,0.0
cc_fall onset,0.0
cc_screening worsening,0.0
cc_self neglect,0.0
cc_sensation in,0.0
cc_attempt ongoing,0.0
cc_bear for,0.0
cc_severe in,0.0
cc_severe facial,0.0
cc_localised onset,0.0
cc_localised since,0.0
cc_locked,0.0
cc_laceration since,0.0
cc_laceration worsening,0.0
cc_level,0.0
cc_level fall,0.0
cc_headache worsening,0.0
cc_discharge worsening,0.0
cc_sprain with,0.0
cc_significant no,0.0
cc_spread,0.0
cc_epistaxis worsening,0.0
cc_exacerbation constant,0.0
cc_significant self,0.0
cc_significant since,0.0
cc_signs with,0.0
cc_signs worsening,0.0
cc_single kidney,0.0
cc_skin worsening,0.0
cc_acute abdomen,0.0
cc_significant head,0.0
cc_sprain worsening,0.0
cc_significant onset,0.0
cc_exertion no,0.0
cc_exertion since,0.0
cc_exertion with,0.0
cc_exertion worsening,0.0
cc_eye burn,0.0
cc_eye for,0.0
cc_eye in,0.0
cc_eye intermittent,0.0
cc_eye onset,0.0
cc_localised no,0.0
cc_acute stemi,0.0
cc_acute with,0.0
cc_severe since,0.0
cc_significant mechanism,0.0
cc_loc since,0.0
cc_loc with,0.0
cc_loc worsening,0.0
cc_localised constant,0.0
cc_localised for,0.0
cc_localised in,0.0
cc_localised intermittent,0.0
cc_eye since,0.0
cc_rest with,0.0
cc_retinal artery,0.0
cc_retropharyngeal,0.0
cc_refractory,0.0
cc_removal for,0.0
cc_removal in,0.0
cc_removal intermittent,0.0
cc_request constant,0.0
cc_request for,0.0
cc_request in,0.0
cc_controlled intermittent,0.0
cc_hypoxia with,0.0
cc_chemical eye,0.0
cc_injuries worsening,0.0
cc_injury gcs,0.0
cc_lower,0.0
cc_lower gi,0.0
cc_loc in,0.0
cc_loc intermittent,0.0
cc_loc no,0.0
cc_loc onset,0.0
cc_risk in,0.0
cc_hypoglycaemia worsening,0.0
cc_recurrence no,0.0
cc_redness intermittent,0.0
cc_redness no,0.0
cc_redness with,0.0
cc_afebrile with,0.0
cc_afebrile worsening,0.0
cc_request intermittent,0.0
cc_request no,0.0
cc_request onset,0.0
cc_request since,0.0
cc_resolved since,0.0
cc_feeling for,0.0
cc_feeling worsening,0.0
cc_fever in,0.0
cc_haematemesis with,0.0
cc_haematemesis worsening,0.0
cc_orbital compartment,0.0
cc_nose worsening,0.0
cc_obstruction angioedema,0.0
cc_haemorrhage constant,0.0
cc_resolved constant,0.0
cc_resolved for,0.0
cc_request worsening,0.0
cc_features constant,0.0
cc_features for,0.0
cc_features in,0.0
cc_features intermittent,0.0
cc_features no,0.0
cc_features onset,0.0
cc_features since,0.0
cc_features with,0.0
cc_features worsening,0.0
cc_advice in,0.0
cc_risk worsening,0.0
cc_sensation intermittent,0.0
cc_sensation onset,0.0
cc_sensation with,0.0
cc_sensation worsening,0.0
cc_septic arthritis,0.0
cc_advice onset,0.0
cc_advice request,0.0
cc_advice since,0.0
cc_ruptured aortic,0.0
cc_ruptured ectopic,0.0
cc_controlled in,0.0
cc_advice intermittent,0.0
cc_adrenal crisis,0.0
cc_advice constant,0.0
cc_retropharyngeal abscess,0.0
cc_injuries with,0.0
cc_check no,0.0
cc_check onset,0.0
cc_check since,0.0
cc_check worsening,0.0
cc_chemical,0.0
cc_haemorrhage no,0.0
cc_fatigue in,0.0
cc_haemorrhage since,0.0
cc_head injury,0.0
cc_headache constant,0.0
cc_coma worsening,0.0
cc_blurring in,0.0
cc_blurring intermittent,0.0
cc_mild chest,0.0
cc_fall constant,0.0
cc_fall for,0.0
cc_fall since,0.0
cc_fall worsening,0.0
cc_haemorrhage onset,0.0
